               epoch,      train/box_loss,      train/obj_loss,      train/cls_loss,   metrics/precision,      metrics/recall,     metrics/mAP_0.5,metrics/mAP_0.5:0.95,        val/box_loss,        val/obj_loss,        val/cls_loss,               x/lr0,               x/lr1,               x/lr2
0,0.11817,0.051334,0.040996,0.0022258,0.13305,0.0020395,0.00046631,0.10375,0.052771,0.035374,0.0919,0.0009,0.0009
1,0.09692,0.063612,0.029442,0.3635,0.12914,0.032013,0.0081168,0.080916,0.057587,0.025453,0.082894,0.0018937,0.0018937
2,0.078803,0.059286,0.023046,0.75499,0.14901,0.084814,0.024024,0.07186,0.079093,0.02499,0.073881,0.0028809,0.0028809
3,0.071221,0.049467,0.020353,0.77573,0.17552,0.10815,0.031482,0.074792,0.055116,0.024742,0.064861,0.0038614,0.0038614
4,0.068447,0.046256,0.020631,0.79075,0.19426,0.15104,0.048866,0.075057,0.044497,0.022721,0.055835,0.0048353,0.0048353
5,0.067342,0.04216,0.018248,0.81281,0.2064,0.17241,0.063336,0.07236,0.037664,0.023008,0.046803,0.0058027,0.0058027
6,0.066365,0.038475,0.019331,0.82643,0.18985,0.20477,0.095715,0.060794,0.035687,0.021659,0.037763,0.0067634,0.0067634
7,0.063539,0.036777,0.017771,0.847,0.22848,0.23986,0.10091,0.052324,0.033941,0.021445,0.028718,0.0077175,0.0077175
8,0.062405,0.038833,0.018855,0.86431,0.24062,0.29636,0.10289,0.055214,0.035547,0.020724,0.019665,0.008665,0.008665
9,0.058357,0.036505,0.017622,0.59333,0.45368,0.37991,0.12452,0.055549,0.036544,0.018713,0.010606,0.009606,0.009606
10,0.055375,0.03474,0.016815,0.67857,0.48455,0.4542,0.17172,0.048238,0.035736,0.016721,0.00967,0.00967,0.00967
11,0.05165,0.032675,0.014702,0.58617,0.49348,0.41036,0.17198,0.051833,0.037448,0.01406,0.00967,0.00967,0.00967
12,0.05031,0.032371,0.011923,0.66266,0.49335,0.44722,0.19921,0.044446,0.03635,0.011549,0.009637,0.009637,0.009637
13,0.046812,0.033215,0.010303,0.66702,0.47095,0.46612,0.21269,0.042815,0.032991,0.01377,0.009604,0.009604,0.009604
14,0.044933,0.033518,0.0094416,0.8286,0.48458,0.54015,0.29086,0.039634,0.032057,0.0076977,0.009571,0.009571,0.009571
15,0.042585,0.033642,0.0086342,0.87988,0.47164,0.54487,0.29336,0.038356,0.030273,0.009695,0.009538,0.009538,0.009538
16,0.043132,0.031806,0.008062,0.89389,0.50173,0.57275,0.27785,0.039248,0.0305,0.0080743,0.009505,0.009505,0.009505
17,0.041334,0.031542,0.0077578,0.93356,0.46394,0.57491,0.2746,0.038626,0.030434,0.0072323,0.009472,0.009472,0.009472
18,0.040911,0.030565,0.0074963,0.88049,0.53648,0.62214,0.33678,0.033967,0.030463,0.007571,0.009439,0.009439,0.009439
19,0.038789,0.030964,0.0080348,0.85288,0.52781,0.57731,0.28723,0.037014,0.02972,0.0077221,0.009406,0.009406,0.009406
20,0.038224,0.031407,0.0073616,0.90332,0.53863,0.60527,0.2936,0.036542,0.030889,0.0070183,0.009373,0.009373,0.009373
21,0.039263,0.029873,0.0071045,0.92226,0.56019,0.64437,0.35439,0.033836,0.029063,0.0064505,0.00934,0.00934,0.00934
22,0.037063,0.030277,0.0065305,0.92423,0.56886,0.63972,0.34468,0.03339,0.029914,0.0059022,0.009307,0.009307,0.009307
23,0.037302,0.030434,0.0063936,0.91118,0.54748,0.62914,0.36296,0.036612,0.028806,0.005872,0.009274,0.009274,0.009274
24,0.036182,0.029268,0.0067499,0.89645,0.54441,0.6561,0.36921,0.032861,0.028658,0.0075987,0.009241,0.009241,0.009241
25,0.03631,0.029393,0.0061984,0.93555,0.55284,0.68094,0.39856,0.035009,0.028273,0.0056159,0.009208,0.009208,0.009208
26,0.034797,0.028456,0.0058391,0.91898,0.56711,0.70424,0.40549,0.032272,0.028618,0.0055991,0.009175,0.009175,0.009175
27,0.03547,0.027859,0.0053432,0.92269,0.55927,0.68913,0.40457,0.033116,0.028164,0.0057604,0.009142,0.009142,0.009142
28,0.035179,0.029633,0.0060539,0.63939,0.74852,0.76964,0.45917,0.031272,0.028133,0.0050957,0.009109,0.009109,0.009109
29,0.034862,0.02841,0.0058278,0.66469,0.75726,0.76097,0.46843,0.032445,0.027815,0.0053357,0.009076,0.009076,0.009076
30,0.033476,0.026191,0.0053045,0.62994,0.7517,0.74381,0.44263,0.033442,0.027803,0.0051398,0.009043,0.009043,0.009043
31,0.034613,0.031044,0.0056074,0.67312,0.71621,0.72121,0.43202,0.031852,0.028027,0.0058096,0.00901,0.00901,0.00901
32,0.033845,0.027728,0.0056708,0.73889,0.71698,0.75557,0.44295,0.032881,0.029392,0.0048677,0.008977,0.008977,0.008977
33,0.032911,0.027444,0.0048551,0.65659,0.68293,0.72076,0.4078,0.032727,0.028217,0.0068853,0.008944,0.008944,0.008944
34,0.033193,0.028079,0.0049963,0.73219,0.74567,0.8033,0.49737,0.031681,0.02792,0.0055384,0.008911,0.008911,0.008911
35,0.032613,0.028034,0.0047112,0.73325,0.67334,0.71832,0.40758,0.033759,0.028656,0.0053037,0.008878,0.008878,0.008878
36,0.032088,0.027735,0.0044936,0.75063,0.65969,0.75739,0.43851,0.032697,0.027982,0.0051431,0.008845,0.008845,0.008845
37,0.032607,0.026538,0.0047933,0.82763,0.7421,0.81613,0.50068,0.031323,0.027437,0.0045954,0.008812,0.008812,0.008812
38,0.032438,0.026609,0.0045699,0.79156,0.76866,0.79782,0.50427,0.031328,0.027844,0.0055523,0.008779,0.008779,0.008779
39,0.032708,0.028213,0.0045445,0.78091,0.76881,0.84519,0.48433,0.0352,0.028298,0.004861,0.008746,0.008746,0.008746
40,0.031974,0.028033,0.00424,0.809,0.75855,0.80237,0.49466,0.031584,0.027615,0.0057077,0.008713,0.008713,0.008713
41,0.031921,0.02686,0.0040065,0.91251,0.72365,0.81956,0.50792,0.03345,0.028636,0.0064133,0.00868,0.00868,0.00868
42,0.030788,0.027072,0.0040507,0.83644,0.71083,0.78236,0.45462,0.03092,0.028385,0.0056304,0.008647,0.008647,0.008647
43,0.030884,0.026233,0.0039188,0.80404,0.77847,0.79817,0.47651,0.033766,0.028521,0.004774,0.008614,0.008614,0.008614
44,0.030528,0.025594,0.0037719,0.92507,0.74681,0.79931,0.4128,0.032861,0.028432,0.0050225,0.008581,0.008581,0.008581
45,0.031647,0.027644,0.0038003,0.85041,0.79753,0.85405,0.49883,0.030851,0.027596,0.00476,0.008548,0.008548,0.008548
46,0.03003,0.026644,0.0034319,0.84343,0.7509,0.83375,0.49469,0.031089,0.027621,0.0039991,0.008515,0.008515,0.008515
47,0.029895,0.025594,0.0031726,0.86179,0.74478,0.83183,0.52085,0.031547,0.028182,0.0046776,0.008482,0.008482,0.008482
48,0.03066,0.027905,0.0032498,0.90371,0.755,0.85083,0.53511,0.031862,0.028186,0.0051653,0.008449,0.008449,0.008449
49,0.029918,0.026679,0.0030646,0.88172,0.75711,0.81466,0.49753,0.032341,0.028623,0.00483,0.008416,0.008416,0.008416
50,0.030196,0.026758,0.0030295,0.86249,0.66833,0.77142,0.44449,0.032358,0.029089,0.0044826,0.008383,0.008383,0.008383
51,0.029572,0.024919,0.0032485,0.81315,0.74387,0.75402,0.46038,0.031603,0.029235,0.0063605,0.00835,0.00835,0.00835
52,0.029466,0.025285,0.0031469,0.8615,0.75403,0.7809,0.46581,0.030931,0.028792,0.0054556,0.008317,0.008317,0.008317
53,0.029903,0.028107,0.0029922,0.86043,0.72652,0.76951,0.47366,0.029595,0.028481,0.006458,0.008284,0.008284,0.008284
54,0.029346,0.026118,0.0027848,0.82531,0.83144,0.83838,0.52262,0.031483,0.029061,0.0053897,0.008251,0.008251,0.008251
55,0.030037,0.02636,0.0030832,0.83954,0.77416,0.84166,0.48979,0.03121,0.028744,0.0061036,0.008218,0.008218,0.008218
56,0.029375,0.026469,0.0024768,0.86151,0.69955,0.8079,0.51477,0.031419,0.029116,0.0072931,0.008185,0.008185,0.008185
57,0.029274,0.024985,0.0026345,0.76157,0.84582,0.83436,0.50529,0.031273,0.029063,0.0068713,0.008152,0.008152,0.008152
58,0.029351,0.02668,0.0025579,0.81095,0.80567,0.85153,0.49937,0.031394,0.028255,0.0047703,0.008119,0.008119,0.008119
59,0.028282,0.025151,0.0024413,0.94448,0.74008,0.8394,0.48729,0.031162,0.029319,0.0043874,0.008086,0.008086,0.008086
60,0.028532,0.025839,0.0023041,0.80882,0.82562,0.85347,0.51278,0.031509,0.028502,0.0047563,0.008053,0.008053,0.008053
61,0.028617,0.025126,0.0024274,0.86651,0.74316,0.81442,0.4777,0.031369,0.029177,0.0052254,0.00802,0.00802,0.00802
62,0.028364,0.025671,0.0025346,0.80628,0.75124,0.80739,0.47183,0.032334,0.028384,0.0053153,0.007987,0.007987,0.007987
63,0.027923,0.024519,0.0022754,0.74325,0.79678,0.81147,0.47555,0.031919,0.02924,0.0061727,0.007954,0.007954,0.007954
64,0.028336,0.025943,0.0021506,0.79842,0.75423,0.81072,0.46579,0.032502,0.028969,0.0053524,0.007921,0.007921,0.007921
65,0.026934,0.024473,0.0020248,0.77143,0.73694,0.76025,0.46198,0.030955,0.030437,0.0054882,0.007888,0.007888,0.007888
66,0.027969,0.024926,0.0022627,0.89186,0.73552,0.82035,0.51736,0.030593,0.029585,0.0055268,0.007855,0.007855,0.007855
67,0.026805,0.022985,0.0024323,0.90243,0.75121,0.81284,0.48475,0.032056,0.029706,0.0055026,0.007822,0.007822,0.007822
68,0.028037,0.025974,0.0018591,0.83378,0.77193,0.83552,0.5005,0.033007,0.030041,0.0041778,0.007789,0.007789,0.007789
69,0.026951,0.024477,0.001909,0.8195,0.7483,0.79229,0.48941,0.031464,0.030987,0.0045719,0.007756,0.007756,0.007756
70,0.028011,0.024978,0.0020746,0.90862,0.71815,0.7947,0.47847,0.032435,0.029602,0.0042753,0.007723,0.007723,0.007723
71,0.027065,0.02403,0.0021404,0.90453,0.75239,0.83142,0.4993,0.031946,0.029305,0.0040118,0.00769,0.00769,0.00769
72,0.027341,0.025582,0.0017446,0.81339,0.7897,0.79822,0.46011,0.031625,0.02871,0.0052187,0.007657,0.007657,0.007657
73,0.027572,0.025851,0.0019522,0.75974,0.8147,0.82261,0.53121,0.030066,0.027872,0.005243,0.007624,0.007624,0.007624
74,0.026854,0.024542,0.0020698,0.93877,0.72254,0.85693,0.5121,0.030991,0.027864,0.0039645,0.007591,0.007591,0.007591
75,0.026472,0.024078,0.0019744,0.84046,0.79892,0.82904,0.52327,0.031021,0.028646,0.0058434,0.007558,0.007558,0.007558
76,0.026451,0.023614,0.0018468,0.90925,0.75796,0.81671,0.49601,0.030359,0.028678,0.0056835,0.007525,0.007525,0.007525
77,0.026262,0.02429,0.0019762,0.90831,0.68698,0.80609,0.51584,0.029983,0.029294,0.0075268,0.007492,0.007492,0.007492
78,0.026586,0.024768,0.0018949,0.90058,0.77476,0.81831,0.49729,0.03013,0.029566,0.0047275,0.007459,0.007459,0.007459
79,0.027235,0.024203,0.0018984,0.86778,0.72511,0.83,0.51287,0.030635,0.02964,0.0050549,0.007426,0.007426,0.007426
80,0.025412,0.023512,0.0018868,0.86139,0.73402,0.80479,0.46797,0.032901,0.029965,0.006202,0.007393,0.007393,0.007393
81,0.026954,0.02483,0.00182,0.88374,0.728,0.8449,0.52803,0.031202,0.030909,0.0041507,0.00736,0.00736,0.00736
82,0.026747,0.023872,0.0018606,0.81425,0.80763,0.85421,0.496,0.031547,0.02913,0.0042839,0.007327,0.007327,0.007327
83,0.02626,0.023355,0.0020017,0.94924,0.7305,0.81546,0.4819,0.030617,0.029688,0.0040038,0.007294,0.007294,0.007294
84,0.026236,0.023901,0.0019051,0.78519,0.81283,0.77463,0.46983,0.031368,0.030036,0.0059385,0.007261,0.007261,0.007261
85,0.025679,0.024258,0.0019333,0.81133,0.80887,0.79213,0.5009,0.03052,0.030306,0.0056738,0.007228,0.007228,0.007228
86,0.026073,0.023184,0.0016429,0.85225,0.78806,0.80684,0.47977,0.030627,0.029367,0.0050795,0.007195,0.007195,0.007195
87,0.025389,0.024128,0.0016233,0.78092,0.7801,0.80159,0.50353,0.030581,0.029622,0.0050275,0.007162,0.007162,0.007162
88,0.02548,0.024896,0.0017321,0.85226,0.75385,0.81919,0.5002,0.030274,0.028511,0.0057519,0.007129,0.007129,0.007129
89,0.025679,0.025761,0.0016894,0.6955,0.85251,0.78897,0.46892,0.029998,0.029105,0.0058211,0.007096,0.007096,0.007096
90,0.025279,0.023058,0.0014479,0.81304,0.80412,0.81793,0.49507,0.031533,0.029432,0.0053662,0.007063,0.007063,0.007063
91,0.025496,0.023021,0.0016437,0.79848,0.8297,0.82449,0.54445,0.028815,0.029029,0.0056229,0.00703,0.00703,0.00703
92,0.025069,0.023731,0.0015518,0.93686,0.65978,0.77433,0.47726,0.030969,0.030863,0.0058156,0.006997,0.006997,0.006997
93,0.025897,0.025427,0.0015701,0.95501,0.69351,0.78019,0.50096,0.028995,0.029577,0.0062591,0.006964,0.006964,0.006964
94,0.025299,0.023689,0.0015556,0.82056,0.68722,0.74991,0.46165,0.030897,0.029701,0.0068513,0.006931,0.006931,0.006931
95,0.024812,0.023498,0.0017813,0.82027,0.72826,0.79414,0.50906,0.029782,0.029057,0.0062094,0.006898,0.006898,0.006898
96,0.025048,0.02442,0.0016816,0.7723,0.75316,0.81133,0.51412,0.030421,0.02956,0.0058274,0.006865,0.006865,0.006865
97,0.024083,0.022654,0.0016056,0.85238,0.68563,0.81143,0.49506,0.030483,0.02974,0.0050477,0.006832,0.006832,0.006832
98,0.024561,0.02236,0.0015127,0.84787,0.76923,0.81756,0.50457,0.029922,0.029331,0.004926,0.006799,0.006799,0.006799
99,0.02456,0.023385,0.0014963,0.883,0.80764,0.82505,0.49669,0.03035,0.031422,0.0039668,0.006766,0.006766,0.006766
100,0.023907,0.023016,0.0014475,0.88474,0.78339,0.84271,0.53673,0.030674,0.031133,0.0047882,0.006733,0.006733,0.006733
101,0.023916,0.022172,0.0014001,0.97106,0.71363,0.83405,0.52224,0.03066,0.030427,0.0055316,0.0067,0.0067,0.0067
102,0.023848,0.021332,0.0012263,0.87936,0.79779,0.86372,0.55604,0.029913,0.029556,0.0044248,0.006667,0.006667,0.006667
103,0.024875,0.022982,0.0015263,0.93307,0.77218,0.85656,0.54248,0.02942,0.029536,0.0038739,0.006634,0.006634,0.006634
104,0.023672,0.023169,0.0015515,0.82049,0.82709,0.85529,0.5394,0.030585,0.030235,0.0052298,0.006601,0.006601,0.006601
105,0.023758,0.022572,0.0015286,0.83578,0.80215,0.85137,0.55928,0.02964,0.029852,0.0051428,0.006568,0.006568,0.006568
106,0.024332,0.023381,0.0013466,0.94347,0.7713,0.86023,0.53378,0.030218,0.029328,0.0049538,0.006535,0.006535,0.006535
107,0.024347,0.023471,0.0014714,0.91615,0.79218,0.86483,0.54617,0.029286,0.029824,0.0043196,0.006502,0.006502,0.006502
108,0.023385,0.022083,0.0015913,0.86762,0.79173,0.82119,0.50327,0.030463,0.030954,0.0048151,0.006469,0.006469,0.006469
109,0.023584,0.023891,0.0014514,0.92043,0.82091,0.85735,0.51962,0.030302,0.030742,0.0041213,0.006436,0.006436,0.006436
110,0.023389,0.023404,0.0013541,0.91498,0.80594,0.86744,0.56463,0.029406,0.029726,0.0035569,0.006403,0.006403,0.006403
111,0.023517,0.022724,0.00153,0.83048,0.84751,0.84605,0.54291,0.03004,0.029682,0.0045385,0.00637,0.00637,0.00637
112,0.023777,0.022849,0.0013287,0.8313,0.78886,0.81644,0.49691,0.030772,0.030473,0.0045127,0.006337,0.006337,0.006337
113,0.023939,0.023363,0.0013958,0.81091,0.72637,0.76265,0.48147,0.029765,0.029477,0.005259,0.006304,0.006304,0.006304
114,0.023223,0.022279,0.001237,0.94465,0.7391,0.80519,0.48541,0.031166,0.030162,0.0044371,0.006271,0.006271,0.006271
115,0.023044,0.021232,0.0014861,0.86733,0.74975,0.80234,0.49783,0.029892,0.030556,0.0052982,0.006238,0.006238,0.006238
116,0.022389,0.021997,0.0014067,0.73791,0.80269,0.77011,0.48223,0.029711,0.030064,0.0051384,0.006205,0.006205,0.006205
117,0.02325,0.021989,0.0014976,0.86831,0.77094,0.82222,0.50294,0.029774,0.029932,0.004254,0.006172,0.006172,0.006172
118,0.023043,0.022995,0.0014854,0.71057,0.79618,0.76569,0.48873,0.029882,0.030321,0.0059213,0.006139,0.006139,0.006139
119,0.023193,0.022937,0.0013656,0.90387,0.85184,0.87776,0.57152,0.028576,0.029013,0.0039357,0.006106,0.006106,0.006106
120,0.022751,0.02034,0.001557,0.80708,0.83664,0.84458,0.54664,0.029148,0.030119,0.0043029,0.006073,0.006073,0.006073
121,0.022602,0.022916,0.0013931,0.94899,0.68157,0.76192,0.48854,0.029336,0.031326,0.0053591,0.00604,0.00604,0.00604
122,0.023214,0.02301,0.0012755,0.88146,0.73471,0.79311,0.50339,0.02925,0.029042,0.005253,0.006007,0.006007,0.006007
123,0.022237,0.021145,0.0010642,0.86579,0.75611,0.80146,0.50554,0.029069,0.029529,0.0058733,0.005974,0.005974,0.005974
124,0.022343,0.021779,0.0013613,0.91473,0.67456,0.80286,0.50344,0.029851,0.029796,0.0053576,0.005941,0.005941,0.005941
125,0.022511,0.02108,0.0013146,0.82854,0.78275,0.80989,0.51348,0.02833,0.030097,0.0051764,0.005908,0.005908,0.005908
126,0.022382,0.022247,0.0015322,0.87677,0.74345,0.8285,0.51937,0.029841,0.029593,0.0054614,0.005875,0.005875,0.005875
127,0.022593,0.021492,0.0013288,0.94058,0.78081,0.82345,0.51855,0.028193,0.028877,0.0048672,0.005842,0.005842,0.005842
128,0.021897,0.022063,0.0010851,0.84517,0.82327,0.83826,0.51589,0.029039,0.029762,0.0044902,0.005809,0.005809,0.005809
129,0.022058,0.021122,0.0012765,0.8974,0.74427,0.79374,0.50476,0.029456,0.030563,0.0042326,0.005776,0.005776,0.005776
130,0.021634,0.021843,0.0011073,0.87398,0.78189,0.82698,0.52039,0.029105,0.029983,0.0051975,0.005743,0.005743,0.005743
131,0.021678,0.020582,0.0012161,0.93884,0.71685,0.80124,0.52544,0.029265,0.030016,0.005903,0.00571,0.00571,0.00571
132,0.021301,0.020931,0.0012301,0.87586,0.73155,0.7846,0.51764,0.028928,0.030242,0.0063662,0.005677,0.005677,0.005677
133,0.02311,0.021384,0.0012398,0.92279,0.70615,0.81748,0.53576,0.029982,0.030239,0.0056664,0.005644,0.005644,0.005644
134,0.021836,0.022437,0.0011423,0.93399,0.71249,0.81614,0.53382,0.028567,0.030664,0.0052748,0.005611,0.005611,0.005611
135,0.02167,0.021226,0.0011618,0.88513,0.8183,0.84059,0.51488,0.029711,0.031407,0.0050541,0.005578,0.005578,0.005578
136,0.021861,0.022698,0.0010904,0.90572,0.70352,0.79099,0.50654,0.029032,0.030434,0.0060079,0.005545,0.005545,0.005545
137,0.020802,0.02035,0.0010372,0.91847,0.76604,0.85559,0.57126,0.028553,0.030224,0.0040864,0.005512,0.005512,0.005512
138,0.021531,0.021472,0.0010994,0.89631,0.82319,0.85779,0.5335,0.029468,0.030783,0.0044892,0.005479,0.005479,0.005479
139,0.021444,0.020602,0.0010696,0.9367,0.7594,0.83299,0.51569,0.029563,0.030546,0.0047649,0.005446,0.005446,0.005446
140,0.022011,0.022014,0.0014305,0.94481,0.75306,0.84284,0.53492,0.029847,0.031292,0.0040021,0.005413,0.005413,0.005413
141,0.020877,0.020215,0.0010519,0.91191,0.78644,0.83894,0.53898,0.029505,0.03081,0.0038671,0.00538,0.00538,0.00538
142,0.020825,0.020656,0.0011924,0.87284,0.82078,0.85419,0.54929,0.029088,0.03062,0.0038438,0.005347,0.005347,0.005347
143,0.021243,0.02219,0.0010891,0.93638,0.79068,0.85278,0.54982,0.029783,0.031395,0.0048194,0.005314,0.005314,0.005314
144,0.020292,0.019354,0.0011344,0.97128,0.72241,0.85503,0.56249,0.029016,0.032727,0.0049628,0.005281,0.005281,0.005281
145,0.021167,0.020761,0.00093045,0.90732,0.81782,0.86492,0.53911,0.030164,0.031406,0.0040926,0.005248,0.005248,0.005248
146,0.021455,0.020558,0.0011726,0.95673,0.7842,0.86025,0.53167,0.029343,0.03132,0.0041286,0.005215,0.005215,0.005215
147,0.020637,0.019317,0.0010437,0.82409,0.86261,0.8551,0.54328,0.029716,0.031585,0.0043461,0.005182,0.005182,0.005182
148,0.021083,0.021365,0.0011859,0.95139,0.77341,0.84833,0.55089,0.029754,0.031879,0.0045674,0.005149,0.005149,0.005149
149,0.021562,0.021061,0.0011025,0.89825,0.75462,0.85585,0.56049,0.0291,0.032728,0.0041936,0.005116,0.005116,0.005116
150,0.021064,0.02085,0.0010844,0.93831,0.80133,0.87792,0.5696,0.029133,0.032655,0.0047355,0.005083,0.005083,0.005083
151,0.021228,0.021985,0.00092984,0.93652,0.79491,0.87221,0.57365,0.028869,0.032634,0.0047122,0.00505,0.00505,0.00505
152,0.020668,0.01937,0.00087257,0.95371,0.77853,0.8682,0.55703,0.030349,0.032565,0.0049352,0.005017,0.005017,0.005017
153,0.020587,0.020383,0.0011432,0.94903,0.78231,0.8506,0.55069,0.029022,0.031562,0.0051778,0.004984,0.004984,0.004984
154,0.020336,0.020385,0.0012484,0.94637,0.75057,0.84307,0.54905,0.028399,0.031244,0.0048528,0.004951,0.004951,0.004951
155,0.020417,0.021751,0.00105,0.94252,0.75939,0.845,0.54676,0.028674,0.031554,0.0058412,0.004918,0.004918,0.004918
156,0.020372,0.019941,0.0011015,0.92225,0.79414,0.8756,0.57299,0.028952,0.031255,0.0053408,0.004885,0.004885,0.004885
157,0.019653,0.01865,0.00094471,0.90385,0.81727,0.87395,0.57102,0.029357,0.032139,0.0060265,0.004852,0.004852,0.004852
158,0.019582,0.020161,0.0010059,0.92515,0.77709,0.86707,0.55288,0.029018,0.031015,0.0060305,0.004819,0.004819,0.004819
159,0.01989,0.020813,0.0010307,0.89539,0.8346,0.86924,0.56427,0.028992,0.03155,0.0054794,0.004786,0.004786,0.004786
160,0.019535,0.02041,0.00099971,0.88998,0.82153,0.86765,0.55861,0.029008,0.031075,0.0053744,0.004753,0.004753,0.004753
161,0.019643,0.019511,0.0010797,0.92413,0.80743,0.88036,0.57307,0.028527,0.031391,0.0045474,0.00472,0.00472,0.00472
162,0.019631,0.019636,0.00095986,0.84772,0.85703,0.87685,0.5564,0.029199,0.031967,0.0045156,0.004687,0.004687,0.004687
163,0.01998,0.019518,0.0011729,0.90025,0.8308,0.88577,0.55671,0.0288,0.031163,0.0039623,0.004654,0.004654,0.004654
164,0.019223,0.020157,0.0009826,0.93531,0.78051,0.87167,0.55617,0.029113,0.031374,0.0045907,0.004621,0.004621,0.004621
165,0.020217,0.020319,0.0011388,0.88299,0.85784,0.87734,0.57259,0.029125,0.030999,0.0046414,0.004588,0.004588,0.004588
166,0.019125,0.020266,0.00084579,0.90823,0.78903,0.86815,0.57001,0.029089,0.03119,0.0052399,0.004555,0.004555,0.004555
167,0.019478,0.020198,0.0011472,0.93652,0.801,0.88298,0.55689,0.029415,0.031379,0.0044515,0.004522,0.004522,0.004522
168,0.019185,0.018694,0.00084483,0.86321,0.83709,0.85345,0.55354,0.028809,0.030855,0.0040984,0.004489,0.004489,0.004489
169,0.019793,0.019862,0.00090447,0.91785,0.83284,0.86003,0.55155,0.029242,0.030466,0.0036532,0.004456,0.004456,0.004456
170,0.019388,0.019268,0.00083931,0.91518,0.79865,0.84363,0.54969,0.028851,0.030709,0.0039458,0.004423,0.004423,0.004423
171,0.018704,0.019267,0.00095476,0.94335,0.81502,0.86601,0.55871,0.028736,0.031456,0.0040636,0.00439,0.00439,0.00439
172,0.018979,0.019426,0.00095274,0.94016,0.79201,0.83588,0.53096,0.028993,0.031963,0.0043381,0.004357,0.004357,0.004357
173,0.019398,0.018844,0.0009695,0.92375,0.82158,0.85563,0.55707,0.028572,0.031064,0.0042706,0.004324,0.004324,0.004324
174,0.019891,0.02069,0.0010243,0.8957,0.83071,0.84879,0.54466,0.029027,0.031334,0.0038461,0.004291,0.004291,0.004291
175,0.018809,0.018708,0.00090758,0.92834,0.78405,0.84983,0.5278,0.028785,0.031381,0.0041561,0.004258,0.004258,0.004258
176,0.018245,0.019259,0.00092625,0.87244,0.85405,0.8723,0.55001,0.029026,0.031437,0.0043999,0.004225,0.004225,0.004225
177,0.01913,0.019958,0.00086186,0.87616,0.80775,0.84715,0.53599,0.028924,0.031683,0.0058574,0.004192,0.004192,0.004192
178,0.019441,0.019806,0.00094279,0.94545,0.77076,0.845,0.51811,0.029411,0.031828,0.0049804,0.004159,0.004159,0.004159
179,0.018771,0.019635,0.00096519,0.92989,0.85164,0.88538,0.55098,0.029168,0.03151,0.0043148,0.004126,0.004126,0.004126
180,0.018156,0.01885,0.00073849,0.92136,0.74585,0.84622,0.56394,0.028456,0.031895,0.0045851,0.004093,0.004093,0.004093
181,0.018598,0.02048,0.00085953,0.9228,0.83265,0.85479,0.56916,0.028486,0.031592,0.0045954,0.00406,0.00406,0.00406
182,0.019183,0.019837,0.00078267,0.90145,0.79403,0.85509,0.55826,0.028417,0.03212,0.0058326,0.004027,0.004027,0.004027
183,0.018305,0.018459,0.00086168,0.88453,0.79597,0.85219,0.56639,0.028366,0.032192,0.004969,0.003994,0.003994,0.003994
184,0.018338,0.019035,0.00091099,0.91922,0.83301,0.85653,0.56277,0.028582,0.031818,0.0045086,0.003961,0.003961,0.003961
185,0.017796,0.017973,0.0008247,0.95514,0.78012,0.85113,0.55029,0.028339,0.03276,0.0038781,0.003928,0.003928,0.003928
186,0.018596,0.017274,0.0011455,0.87316,0.82654,0.84443,0.55037,0.028682,0.031961,0.0042876,0.003895,0.003895,0.003895
187,0.018908,0.019296,0.00096891,0.94395,0.74895,0.80074,0.51721,0.028521,0.031361,0.0045309,0.003862,0.003862,0.003862
188,0.018446,0.017966,0.0010347,0.88311,0.80486,0.84898,0.55027,0.028737,0.031043,0.0043961,0.003829,0.003829,0.003829
189,0.017761,0.019277,0.00087425,0.88434,0.76422,0.82034,0.52253,0.028868,0.031244,0.0047588,0.003796,0.003796,0.003796
190,0.018036,0.018374,0.00095221,0.95362,0.77953,0.8395,0.54943,0.0289,0.031527,0.0041762,0.003763,0.003763,0.003763
191,0.018258,0.018714,0.0010015,0.95759,0.77566,0.85295,0.54757,0.028293,0.032012,0.0042851,0.00373,0.00373,0.00373
192,0.01809,0.020202,0.00093636,0.84248,0.82639,0.85514,0.54963,0.028085,0.031423,0.0041988,0.003697,0.003697,0.003697
193,0.017389,0.019069,0.00077183,0.91513,0.80525,0.86014,0.54371,0.028593,0.032106,0.0040178,0.003664,0.003664,0.003664
194,0.01796,0.018811,0.00093043,0.9023,0.79752,0.85093,0.54377,0.028467,0.031621,0.0045337,0.003631,0.003631,0.003631
195,0.01766,0.018976,0.00075003,0.96814,0.7673,0.85578,0.55071,0.028764,0.032443,0.0043425,0.003598,0.003598,0.003598
196,0.018154,0.017964,0.00073191,0.9299,0.82455,0.85776,0.5673,0.029004,0.03304,0.0045928,0.003565,0.003565,0.003565
197,0.017334,0.01766,0.00074878,0.88454,0.84258,0.86211,0.56641,0.02843,0.032068,0.0046981,0.003532,0.003532,0.003532
198,0.018217,0.019929,0.00093662,0.91056,0.85199,0.87776,0.57704,0.028481,0.03211,0.0049414,0.003499,0.003499,0.003499
199,0.017578,0.018433,0.00082674,0.9567,0.81637,0.84956,0.54862,0.028745,0.033052,0.0044512,0.003466,0.003466,0.003466
200,0.017639,0.017922,0.00089497,0.90926,0.83588,0.85821,0.53774,0.028556,0.03225,0.0047863,0.003433,0.003433,0.003433
201,0.017478,0.0182,0.00075204,0.9497,0.79346,0.87636,0.55924,0.028886,0.032699,0.0051867,0.0034,0.0034,0.0034
202,0.017229,0.018163,0.00077035,0.95092,0.81433,0.87802,0.55055,0.028736,0.03297,0.0045292,0.003367,0.003367,0.003367
203,0.016752,0.017701,0.00066406,0.93648,0.82706,0.87171,0.55702,0.028661,0.032607,0.0044838,0.003334,0.003334,0.003334
204,0.016889,0.017049,0.00075075,0.9348,0.82206,0.874,0.56016,0.028609,0.032573,0.0044046,0.003301,0.003301,0.003301
205,0.017753,0.018639,0.00089359,0.91511,0.81842,0.87132,0.55031,0.028651,0.03203,0.0050356,0.003268,0.003268,0.003268
206,0.01713,0.018337,0.0008133,0.93721,0.79138,0.84634,0.54251,0.028522,0.031815,0.0052407,0.003235,0.003235,0.003235
207,0.016846,0.018081,0.00081929,0.93439,0.78164,0.84035,0.53279,0.028495,0.031966,0.0050615,0.003202,0.003202,0.003202
208,0.01708,0.018101,0.00071879,0.92017,0.79268,0.85013,0.54891,0.028021,0.03123,0.0048716,0.003169,0.003169,0.003169
209,0.017355,0.018282,0.00090214,0.94213,0.75492,0.85311,0.56453,0.028195,0.031587,0.00531,0.003136,0.003136,0.003136
210,0.016551,0.018366,0.00086078,0.90588,0.78792,0.85801,0.56971,0.028343,0.031984,0.0059378,0.003103,0.003103,0.003103
211,0.017361,0.017728,0.00079082,0.90184,0.79344,0.85769,0.56342,0.029141,0.032961,0.0050075,0.00307,0.00307,0.00307
212,0.017391,0.01816,0.00072904,0.90489,0.82333,0.85002,0.57241,0.028508,0.033029,0.0043654,0.003037,0.003037,0.003037
213,0.017025,0.018635,0.00077779,0.90954,0.82702,0.87082,0.57378,0.028569,0.032879,0.0043067,0.003004,0.003004,0.003004
214,0.016633,0.018029,0.00069791,0.94154,0.82162,0.87759,0.5699,0.0288,0.033138,0.0042181,0.002971,0.002971,0.002971
215,0.016942,0.017871,0.00072958,0.95537,0.80706,0.87406,0.56725,0.028581,0.033428,0.0041715,0.002938,0.002938,0.002938
216,0.01623,0.017548,0.00073668,0.95993,0.81476,0.85797,0.56243,0.028526,0.032982,0.0043102,0.002905,0.002905,0.002905
217,0.01658,0.017874,0.00087643,0.95669,0.82235,0.86414,0.55493,0.028683,0.032778,0.0044382,0.002872,0.002872,0.002872
218,0.016536,0.017144,0.00063942,0.95515,0.81467,0.86551,0.55259,0.028635,0.032639,0.004659,0.002839,0.002839,0.002839
219,0.016746,0.018411,0.00067825,0.96091,0.82515,0.88095,0.57372,0.028345,0.03271,0.0041882,0.002806,0.002806,0.002806
220,0.016375,0.017779,0.00063516,0.96048,0.81261,0.86387,0.55861,0.028443,0.032446,0.0044688,0.002773,0.002773,0.002773
221,0.016167,0.017861,0.00069006,0.94461,0.83029,0.86658,0.56655,0.028474,0.032253,0.0040896,0.00274,0.00274,0.00274
222,0.016697,0.019462,0.00081664,0.94992,0.79259,0.85182,0.56432,0.028796,0.032349,0.0051656,0.002707,0.002707,0.002707
223,0.016192,0.017484,0.00074622,0.92748,0.82236,0.86362,0.58452,0.028318,0.032802,0.0044874,0.002674,0.002674,0.002674
224,0.015714,0.016965,0.00071548,0.95505,0.81448,0.85667,0.55661,0.028722,0.033483,0.0045218,0.002641,0.002641,0.002641
225,0.016287,0.01769,0.00066858,0.95031,0.82783,0.86907,0.56656,0.028289,0.033319,0.0046707,0.002608,0.002608,0.002608
226,0.015643,0.017049,0.00075828,0.89118,0.85637,0.87839,0.56265,0.028695,0.03301,0.0048227,0.002575,0.002575,0.002575
227,0.015828,0.017604,0.00068478,0.94692,0.78516,0.86601,0.56042,0.028496,0.032964,0.0047568,0.002542,0.002542,0.002542
228,0.016136,0.017866,0.00071887,0.95098,0.82044,0.86735,0.55207,0.028506,0.032996,0.0047383,0.002509,0.002509,0.002509
229,0.015733,0.016625,0.00077222,0.95511,0.82053,0.87686,0.56562,0.028624,0.033405,0.0043665,0.002476,0.002476,0.002476
230,0.015479,0.017662,0.00074692,0.9473,0.83047,0.87054,0.56006,0.028365,0.033081,0.0043626,0.002443,0.002443,0.002443
231,0.01632,0.01792,0.00078298,0.93532,0.80511,0.84608,0.54995,0.0287,0.033331,0.0048138,0.00241,0.00241,0.00241
232,0.015896,0.017464,0.00071851,0.93311,0.80232,0.82892,0.5397,0.028443,0.033705,0.0046547,0.002377,0.002377,0.002377
233,0.015445,0.016768,0.00064766,0.93816,0.78744,0.829,0.53438,0.028258,0.033494,0.0047654,0.002344,0.002344,0.002344
234,0.015788,0.017838,0.00059883,0.89032,0.79234,0.83225,0.54294,0.028223,0.033757,0.004956,0.002311,0.002311,0.002311
235,0.015296,0.016324,0.00057089,0.94663,0.78411,0.86159,0.56006,0.028032,0.033747,0.0048751,0.002278,0.002278,0.002278
236,0.015561,0.017172,0.00072644,0.93762,0.82675,0.88065,0.56905,0.02823,0.033357,0.0046117,0.002245,0.002245,0.002245
237,0.015648,0.016556,0.00084476,0.94434,0.82841,0.88074,0.55339,0.028925,0.033982,0.0044776,0.002212,0.002212,0.002212
238,0.015382,0.017227,0.00071015,0.92927,0.83677,0.87372,0.55991,0.028588,0.033771,0.0044626,0.002179,0.002179,0.002179
239,0.015543,0.01717,0.00085994,0.94971,0.79426,0.84291,0.54731,0.02872,0.03419,0.0047501,0.002146,0.002146,0.002146
240,0.015568,0.017461,0.00067636,0.95153,0.79446,0.83223,0.54329,0.028595,0.034159,0.0048939,0.002113,0.002113,0.002113
241,0.01526,0.016455,0.00068201,0.95445,0.77003,0.8506,0.5579,0.028664,0.034145,0.0047005,0.00208,0.00208,0.00208
242,0.015182,0.017221,0.00067664,0.8666,0.82669,0.86229,0.57463,0.028382,0.033484,0.004188,0.002047,0.002047,0.002047
243,0.015342,0.018035,0.0006269,0.9319,0.74783,0.84078,0.54345,0.028418,0.033593,0.0046673,0.002014,0.002014,0.002014
244,0.015101,0.017099,0.00065895,0.92701,0.79436,0.85973,0.5368,0.028502,0.034055,0.0047978,0.001981,0.001981,0.001981
245,0.014894,0.0154,0.00064944,0.90856,0.83992,0.87675,0.55186,0.028445,0.034227,0.004826,0.001948,0.001948,0.001948
246,0.01495,0.016126,0.0006615,0.91737,0.84037,0.87797,0.55554,0.028466,0.033967,0.0049167,0.001915,0.001915,0.001915
247,0.015328,0.017137,0.00065529,0.93968,0.79729,0.86734,0.5543,0.028454,0.033757,0.0047244,0.001882,0.001882,0.001882
248,0.015087,0.017249,0.0006742,0.92993,0.80198,0.85466,0.54893,0.028545,0.033676,0.0048555,0.001849,0.001849,0.001849
249,0.014711,0.015678,0.00061334,0.94905,0.75014,0.84414,0.55449,0.028139,0.033993,0.0048196,0.001816,0.001816,0.001816
250,0.015257,0.016528,0.00054543,0.95451,0.74408,0.8307,0.54166,0.028223,0.033886,0.0049857,0.001783,0.001783,0.001783
251,0.014782,0.016493,0.00054024,0.95012,0.74424,0.8471,0.53712,0.028494,0.033779,0.0049449,0.00175,0.00175,0.00175
252,0.014992,0.01735,0.00059735,0.90733,0.7458,0.83269,0.54095,0.028407,0.033749,0.0050736,0.001717,0.001717,0.001717
253,0.014564,0.015274,0.00061036,0.90936,0.75475,0.82713,0.53705,0.028538,0.033878,0.0052742,0.001684,0.001684,0.001684
254,0.015049,0.016688,0.00053871,0.90881,0.77097,0.82964,0.52948,0.028462,0.034009,0.0051936,0.001651,0.001651,0.001651
255,0.014857,0.016978,0.00064631,0.89976,0.83863,0.85174,0.55076,0.028495,0.034382,0.0045307,0.001618,0.001618,0.001618
256,0.014731,0.017657,0.00055662,0.90258,0.76516,0.82651,0.53345,0.028472,0.033891,0.005105,0.001585,0.001585,0.001585
257,0.014399,0.01515,0.00066212,0.85726,0.81274,0.83899,0.53633,0.028495,0.033949,0.0051095,0.001552,0.001552,0.001552
258,0.015009,0.016883,0.00063049,0.87911,0.80515,0.82678,0.53694,0.028369,0.033687,0.0054449,0.001519,0.001519,0.001519
259,0.014491,0.016797,0.00058405,0.91809,0.80093,0.83986,0.54343,0.028419,0.034192,0.0051599,0.001486,0.001486,0.001486
260,0.014684,0.015989,0.0005444,0.93814,0.80987,0.84094,0.54686,0.028132,0.033901,0.0051314,0.001453,0.001453,0.001453
261,0.014053,0.015635,0.00051966,0.95041,0.80979,0.8453,0.53613,0.0285,0.034292,0.0048057,0.00142,0.00142,0.00142
262,0.01471,0.016606,0.00049574,0.94149,0.80207,0.86111,0.55525,0.028346,0.034604,0.0045109,0.001387,0.001387,0.001387
263,0.014351,0.015442,0.00068755,0.95548,0.7992,0.85737,0.56603,0.028391,0.034603,0.0046033,0.001354,0.001354,0.001354
264,0.014294,0.016164,0.00065388,0.89903,0.83676,0.85807,0.56024,0.028738,0.035506,0.0049061,0.001321,0.001321,0.001321
265,0.014414,0.01574,0.0005974,0.90831,0.83372,0.86639,0.56892,0.028304,0.035268,0.0047224,0.001288,0.001288,0.001288
266,0.014393,0.015426,0.00068974,0.94571,0.81055,0.87045,0.56667,0.028344,0.03501,0.0042269,0.001255,0.001255,0.001255
267,0.014234,0.016271,0.00052252,0.93602,0.82007,0.86321,0.57574,0.028223,0.034601,0.0044255,0.001222,0.001222,0.001222
268,0.014587,0.016499,0.00058968,0.9411,0.831,0.87183,0.57044,0.028402,0.034215,0.0044138,0.001189,0.001189,0.001189
269,0.014017,0.015401,0.00056842,0.93997,0.83339,0.86568,0.56662,0.028204,0.034232,0.0042932,0.001156,0.001156,0.001156
270,0.013891,0.015723,0.00050505,0.94377,0.79719,0.85428,0.56203,0.028178,0.034367,0.0046001,0.001123,0.001123,0.001123
271,0.013814,0.015904,0.00065226,0.9429,0.83767,0.857,0.56507,0.028185,0.034821,0.004837,0.00109,0.00109,0.00109
272,0.013826,0.015658,0.00053032,0.9428,0.83565,0.85644,0.55953,0.028413,0.034809,0.0048164,0.001057,0.001057,0.001057
273,0.014258,0.017053,0.00051039,0.94592,0.83455,0.86323,0.56003,0.0284,0.03495,0.0044169,0.001024,0.001024,0.001024
274,0.014021,0.016409,0.00050959,0.94201,0.83863,0.8593,0.56608,0.028093,0.034976,0.0045534,0.000991,0.000991,0.000991
275,0.013985,0.01623,0.00048538,0.93745,0.83642,0.85443,0.55212,0.028376,0.035179,0.0047255,0.000958,0.000958,0.000958
276,0.013548,0.015132,0.0005155,0.92111,0.84271,0.86054,0.55396,0.028584,0.035064,0.00474,0.000925,0.000925,0.000925
277,0.013835,0.01688,0.00048618,0.92019,0.77486,0.82973,0.53828,0.02838,0.035125,0.0050552,0.000892,0.000892,0.000892
278,0.014043,0.015487,0.00047501,0.9534,0.75699,0.8322,0.53623,0.028524,0.035407,0.005068,0.000859,0.000859,0.000859
279,0.013572,0.014473,0.00046295,0.95132,0.76039,0.82957,0.54195,0.028454,0.03548,0.00503,0.000826,0.000826,0.000826
280,0.013722,0.015581,0.00051136,0.9445,0.79932,0.85134,0.54797,0.028367,0.03523,0.0045259,0.000793,0.000793,0.000793
281,0.014015,0.016287,0.00051161,0.94302,0.79464,0.86129,0.5527,0.028403,0.034849,0.0044185,0.00076,0.00076,0.00076
282,0.013532,0.015139,0.00050857,0.95002,0.7971,0.86575,0.55274,0.028416,0.035075,0.0045519,0.000727,0.000727,0.000727
283,0.013746,0.015138,0.00050932,0.9222,0.83431,0.8677,0.56418,0.028375,0.035001,0.0045741,0.000694,0.000694,0.000694
284,0.013472,0.014563,0.00053465,0.94663,0.82982,0.87122,0.56396,0.028476,0.03498,0.0043889,0.000661,0.000661,0.000661
285,0.013707,0.016315,0.00048852,0.95654,0.81896,0.87228,0.56673,0.028449,0.034745,0.0043235,0.000628,0.000628,0.000628
286,0.013699,0.016247,0.00047737,0.95759,0.81202,0.87126,0.56693,0.028313,0.034962,0.0040834,0.000595,0.000595,0.000595
287,0.013334,0.014967,0.00045574,0.9567,0.82362,0.87216,0.5601,0.028283,0.034966,0.0042962,0.000562,0.000562,0.000562
288,0.013141,0.014362,0.00035113,0.90608,0.83268,0.86491,0.56377,0.028268,0.035023,0.0047076,0.000529,0.000529,0.000529
289,0.013206,0.014843,0.00049137,0.90142,0.82982,0.85671,0.55843,0.028326,0.03523,0.0047319,0.000496,0.000496,0.000496
290,0.013002,0.014949,0.00045894,0.89208,0.83378,0.85184,0.56245,0.028254,0.035319,0.0047534,0.000463,0.000463,0.000463
291,0.013602,0.01593,0.00046347,0.93744,0.82869,0.8662,0.56272,0.02835,0.035356,0.0047147,0.00043,0.00043,0.00043
292,0.012929,0.014203,0.00050699,0.9418,0.83198,0.86906,0.5704,0.028299,0.035402,0.0046493,0.000397,0.000397,0.000397
293,0.013213,0.01533,0.00050994,0.94515,0.79719,0.86001,0.56116,0.028338,0.035387,0.0047263,0.000364,0.000364,0.000364
294,0.01329,0.01511,0.00060944,0.94169,0.79876,0.85584,0.55506,0.028348,0.035464,0.0047846,0.000331,0.000331,0.000331
295,0.013454,0.015709,0.00048917,0.94349,0.8005,0.85306,0.56042,0.028265,0.03546,0.0048238,0.000298,0.000298,0.000298
296,0.013133,0.015194,0.00042048,0.94363,0.7994,0.85293,0.55827,0.028354,0.035579,0.0047919,0.000265,0.000265,0.000265
297,0.013446,0.015409,0.00058927,0.94367,0.83252,0.86316,0.56627,0.028283,0.035372,0.0045211,0.000232,0.000232,0.000232
298,0.013104,0.015642,0.00037758,0.94529,0.83221,0.86372,0.5668,0.028218,0.035246,0.004423,0.000199,0.000199,0.000199
299,0.013998,0.015816,0.00065755,0.94226,0.83343,0.86314,0.56079,0.028278,0.035251,0.0044509,0.000166,0.000166,0.000166
